{
  "MAE_test": 9.165529212227739,
  "RMSE_test": 12.354884385456641,
  "horizon_days": 30,
  "train_size": 335,
  "test_size": 30,
  "CV_mae_mean": 7.887659814249767,
  "CV_rmse_mean": 9.809914382016663,
  "CV_folds": 3
}