{
  "MAE_train": 299284573.7834454,
  "RMSE_train": 627722261.475282,
  "MAE_test": 1313169028125.2463,
  "RMSE_test": 3876582425410.319,
  "num_train_samples": 489,
  "num_test_samples": 30,
  "CV_mae_mean": 1731766872215.81,
  "CV_mae_folds": [
    87038.57575698734,
    13041118.188973837,
    1959087532.5185735,
    287641957437.9156,
    8369220187951.852
  ]
}