{
  "MAE_train": 0.21333065749798896,
  "RMSE_train": 0.3007251231533881,
  "MAE_test": 8.748206240336101,
  "RMSE_test": 12.451237132785693,
  "num_train_samples": 301,
  "num_test_samples": 30,
  "CV_mae_mean": 7.666501687483354,
  "CV_mae_folds": [
    8.028860428550027,
    7.052794588262385,
    7.587899166453968,
    7.826100990988992,
    7.8368532631614
  ]
}