{
  "MAE_train": 0.08864237261028923,
  "RMSE_train": 0.12440635626106944,
  "MAE_test": 4.948581737942165,
  "RMSE_test": 7.0640416632735334,
  "num_train_samples": 321,
  "num_test_samples": 30,
  "CV_mae_mean": 4.911450104439396,
  "CV_mae_folds": [
    5.91237547370209,
    3.519447882422085,
    5.973954698409158,
    4.171535790103606,
    4.9799366775600395
  ]
}