{
  "MAE_train": 0.0021647773683071136,
  "RMSE_train": 0.0030704314403952487,
  "CV_mae_mean": 0.008027557656168938,
  "CV_mae_folds": [
    0.02148970030248165,
    0.009680584073066711,
    0.003610437037423253,
    0.002697163028642535,
    0.0026599038392305374
  ],
  "num_samples": 4366
}