{
  "MAE_train": 0.0026274187463792816,
  "RMSE_train": 0.00375607847805006,
  "MAE_test": 0.14672056833902994,
  "RMSE_test": 0.274966166322568,
  "num_train_samples": 321,
  "num_test_samples": 30,
  "CV_mae_mean": 0.224626139737471,
  "CV_mae_folds": [
    0.42700883612239127,
    0.21906201592807112,
    0.18063449411182947,
    0.18468214900017782,
    0.11174320352488554
  ]
}