{
  "MAE_train": 0.0032130085374257205,
  "RMSE_train": 0.004524859840277743,
  "MAE_test": 0.12645928064982095,
  "RMSE_test": 0.27046314839290847,
  "num_train_samples": 321,
  "num_test_samples": 30,
  "CV_mae_mean": 0.2119992473406976,
  "CV_mae_folds": [
    0.38880794798194307,
    0.2061394658581964,
    0.19357021475286698,
    0.17132566615456454,
    0.10015294195591713
  ]
}